0, 1.53844e+07
79823, 1.53837e+07
159646, 1.53818e+07
239440, 1.53785e+07
319147, 1.53739e+07
398709, 1.5368e+07
478068, 1.53608e+07
557167, 1.53523e+07
635949, 1.53426e+07
714357, 1.53316e+07
792337, 1.53194e+07
869834, 1.5306e+07
946795, 1.52914e+07
1.02317e+06, 1.52756e+07
1.09891e+06, 1.52588e+07
1.17396e+06, 1.52408e+07
1.24828e+06, 1.52219e+07
1.32182e+06, 1.52019e+07
1.39455e+06, 1.5181e+07
1.46642e+06, 1.51592e+07
1.5374e+06, 1.51365e+07
1.60745e+06, 1.5113e+07
1.67655e+06, 1.50887e+07
1.74466e+06, 1.50637e+07
1.81176e+06, 1.50381e+07
1.87782e+06, 1.50119e+07
1.94283e+06, 1.49851e+07
2.00677e+06, 1.49578e+07
2.06963e+06, 1.49301e+07
2.1314e+06, 1.4902e+07
2.19206e+06, 1.48736e+07
2.25163e+06, 1.48449e+07
2.31009e+06, 1.4816e+07
2.36744e+06, 1.4787e+07
2.4237e+06, 1.47578e+07
2.47887e+06, 1.47287e+07
2.53295e+06, 1.46995e+07
2.58597e+06, 1.46704e+07
2.63794e+06, 1.46414e+07
2.68887e+06, 1.46126e+07
2.73879e+06, 1.4584e+07
2.78771e+06, 1.45556e+07
2.83567e+06, 1.45276e+07
2.88269e+06, 1.44999e+07
2.92879e+06, 1.44727e+07
2.97402e+06, 1.44458e+07
3.01839e+06, 1.44195e+07
3.06195e+06, 1.43936e+07
3.10473e+06, 1.43684e+07
3.14677e+06, 1.43437e+07
3.1881e+06, 1.43196e+07
3.22878e+06, 1.42962e+07
3.26882e+06, 1.42734e+07
3.30829e+06, 1.42514e+07
3.34722e+06, 1.42301e+07
3.38566e+06, 1.42095e+07
3.42365e+06, 1.41897e+07
3.46123e+06, 1.41707e+07
3.49847e+06, 1.41525e+07
3.53539e+06, 1.41351e+07
3.57206e+06, 1.41186e+07
3.60851e+06, 1.41029e+07
3.6448e+06, 1.4088e+07
3.68098e+06, 1.4074e+07
3.7171e+06, 1.40608e+07
3.7532e+06, 1.40485e+07
3.78934e+06, 1.4037e+07
3.82556e+06, 1.40264e+07
3.86191e+06, 1.40166e+07
3.89844e+06, 1.40076e+07
3.93521e+06, 1.39994e+07
3.97226e+06, 1.3992e+07
4.00963e+06, 1.39854e+07
4.04737e+06, 1.39795e+07
4.08554e+06, 1.39744e+07
4.12417e+06, 1.397e+07
4.1633e+06, 1.39663e+07
4.20299e+06, 1.39633e+07
4.24326e+06, 1.39608e+07
4.28417e+06, 1.3959e+07
4.32575e+06, 1.39577e+07
4.36804e+06, 1.39569e+07
4.41106e+06, 1.39567e+07
4.45486e+06, 1.39568e+07
4.49947e+06, 1.39574e+07
4.54491e+06, 1.39583e+07
4.59121e+06, 1.39595e+07
4.6384e+06, 1.3961e+07
4.68649e+06, 1.39627e+07
4.73552e+06, 1.39645e+07
4.78548e+06, 1.39665e+07
4.83641e+06, 1.39685e+07
4.88831e+06, 1.39705e+07
4.94118e+06, 1.39725e+07
4.99505e+06, 1.39744e+07
5.0499e+06, 1.39762e+07
5.10575e+06, 1.39777e+07
5.16258e+06, 1.3979e+07
5.22041e+06, 1.398e+07
5.27921e+06, 1.39806e+07
5.33898e+06, 1.39808e+07
5.39971e+06, 1.39805e+07
5.46139e+06, 1.39797e+07
5.524e+06, 1.39783e+07
5.58751e+06, 1.39764e+07
5.65191e+06, 1.39737e+07
5.71718e+06, 1.39704e+07
5.78328e+06, 1.39663e+07
5.8502e+06, 1.39614e+07
5.9179e+06, 1.39557e+07
5.98635e+06, 1.39491e+07
6.05551e+06, 1.39416e+07
6.12536e+06, 1.39331e+07
6.19586e+06, 1.39236e+07
6.26698e+06, 1.39131e+07
6.33866e+06, 1.39016e+07
6.41087e+06, 1.3889e+07
6.48358e+06, 1.38752e+07
6.55674e+06, 1.38604e+07
6.63031e+06, 1.38443e+07
6.70424e+06, 1.38271e+07
6.77848e+06, 1.38087e+07
6.85301e+06, 1.37891e+07
6.92776e+06, 1.37682e+07
7.0027e+06, 1.37461e+07
7.07777e+06, 1.37227e+07
7.15294e+06, 1.36981e+07
7.22815e+06, 1.36722e+07
7.30335e+06, 1.3645e+07
7.37851e+06, 1.36166e+07
7.45356e+06, 1.35868e+07
7.52848e+06, 1.35558e+07
7.6032e+06, 1.35235e+07
7.67768e+06, 1.34899e+07
7.75188e+06, 1.3455e+07
7.82575e+06, 1.34189e+07
7.89924e+06, 1.33815e+07
7.97231e+06, 1.33429e+07
8.04492e+06, 1.33031e+07
8.11701e+06, 1.32621e+07
8.18855e+06, 1.32199e+07
8.25949e+06, 1.31765e+07
8.3298e+06, 1.31319e+07
8.39942e+06, 1.30863e+07
8.46832e+06, 1.30395e+07
8.53647e+06, 1.29917e+07
8.60382e+06, 1.29428e+07
8.67033e+06, 1.28929e+07
8.73598e+06, 1.2842e+07
8.80072e+06, 1.27902e+07
8.86453e+06, 1.27375e+07
8.92736e+06, 1.26839e+07
8.9892e+06, 1.26295e+07
9.05002e+06, 1.25742e+07
9.10978e+06, 1.25182e+07
9.16846e+06, 1.24615e+07
9.22604e+06, 1.24041e+07
9.2825e+06, 1.23461e+07
9.33782e+06, 1.22875e+07
9.39198e+06, 1.22284e+07
9.44497e+06, 1.21688e+07
9.49677e+06, 1.21088e+07
9.54737e+06, 1.20483e+07
9.59676e+06, 1.19875e+07
9.64495e+06, 1.19265e+07
9.69191e+06, 1.18651e+07
9.73765e+06, 1.18036e+07
9.78218e+06, 1.17419e+07
9.82548e+06, 1.16802e+07
9.86757e+06, 1.16184e+07
9.90846e+06, 1.15566e+07
9.94815e+06, 1.14949e+07
9.98665e+06, 1.14332e+07
1.0024e+07, 1.13717e+07
1.00602e+07, 1.13104e+07
1.00952e+07, 1.12494e+07
1.01291e+07, 1.11887e+07
1.01619e+07, 1.11282e+07
1.01937e+07, 1.10682e+07
1.02244e+07, 1.10086e+07
1.02541e+07, 1.09494e+07
1.02828e+07, 1.08908e+07
1.03105e+07, 1.08327e+07
1.03373e+07, 1.07751e+07
1.03632e+07, 1.07182e+07
1.03883e+07, 1.06619e+07
1.04125e+07, 1.06062e+07
1.0436e+07, 1.05513e+07
1.04587e+07, 1.04971e+07
1.04807e+07, 1.04437e+07
1.0502e+07, 1.0391e+07
1.05227e+07, 1.03392e+07
1.05428e+07, 1.02881e+07
1.05624e+07, 1.02379e+07
1.05815e+07, 1.01886e+07
1.06001e+07, 1.01401e+07
1.06183e+07, 1.00925e+07
1.06361e+07, 1.00457e+07
1.06537e+07, 9.99992e+06
1.06709e+07, 9.955e+06
1.06879e+07, 9.911e+06
1.07047e+07, 9.8679e+06
1.07214e+07, 9.82571e+06
1.07379e+07, 9.78444e+06
1.07544e+07, 9.74407e+06
1.07709e+07, 9.70461e+06
1.07874e+07, 9.66604e+06
1.0804e+07, 9.62837e+06
1.08206e+07, 9.59157e+06
1.08374e+07, 9.55564e+06
1.08544e+07, 9.52057e+06
1.08717e+07, 9.48634e+06
1.08892e+07, 9.45293e+06
1.0907e+07, 9.42033e+06
1.09251e+07, 9.38852e+06
1.09436e+07, 9.35747e+06
1.09626e+07, 9.32717e+06
1.0982e+07, 9.29759e+06
1.10018e+07, 9.26871e+06
1.10222e+07, 9.2405e+06
1.10432e+07, 9.21293e+06
1.10647e+07, 9.18598e+06
1.10868e+07, 9.15961e+06
1.11095e+07, 9.1338e+06
1.11329e+07, 9.10851e+06
1.1157e+07, 9.0837e+06
1.11818e+07, 9.05936e+06
1.12074e+07, 9.03543e+06
1.12337e+07, 9.01188e+06
1.12607e+07, 8.98868e+06
1.12886e+07, 8.96578e+06
1.13173e+07, 8.94316e+06
1.13468e+07, 8.92076e+06
1.13771e+07, 8.89855e+06
1.14083e+07, 8.87649e+06
1.14403e+07, 8.85454e+06
1.14732e+07, 8.83265e+06
1.1507e+07, 8.81078e+06
1.15417e+07, 8.78889e+06
1.15772e+07, 8.76693e+06
1.16137e+07, 8.74486e+06
1.1651e+07, 8.72264e+06
1.16892e+07, 8.70023e+06
1.17283e+07, 8.67757e+06
1.17683e+07, 8.65463e+06
1.18091e+07, 8.63136e+06
1.18508e+07, 8.60772e+06
1.18933e+07, 8.58367e+06
1.19367e+07, 8.55916e+06
1.19809e+07, 8.53415e+06
1.20259e+07, 8.50859e+06
1.20716e+07, 8.48246e+06
1.21182e+07, 8.4557e+06
1.21654e+07, 8.42828e+06
1.22134e+07, 8.40016e+06
1.22621e+07, 8.3713e+06
1.23114e+07, 8.34167e+06
1.23614e+07, 8.31123e+06
1.24119e+07, 8.27994e+06
1.24631e+07, 8.24778e+06
1.25147e+07, 8.21471e+06
1.25669e+07, 8.1807e+06
1.26195e+07, 8.14573e+06
1.26726e+07, 8.10976e+06
1.27261e+07, 8.07278e+06
1.27799e+07, 8.03475e+06
1.2834e+07, 7.99566e+06
1.28884e+07, 7.95549e+06
1.2943e+07, 7.91422e+06
1.29979e+07, 7.87182e+06
1.30528e+07, 7.8283e+06
1.31079e+07, 7.78363e+06
1.3163e+07, 7.7378e+06
1.32182e+07, 7.6908e+06
1.32733e+07, 7.64263e+06
1.33284e+07, 7.59329e+06
1.33833e+07, 7.54275e+06
1.34381e+07, 7.49104e+06
1.34926e+07, 7.43813e+06
1.3547e+07, 7.38405e+06
1.3601e+07, 7.32878e+06
1.36547e+07, 7.27234e+06
1.3708e+07, 7.21472e+06
1.37609e+07, 7.15595e+06
1.38133e+07, 7.09602e+06
1.38653e+07, 7.03495e+06
1.39166e+07, 6.97276e+06
1.39674e+07, 6.90945e+06
1.40176e+07, 6.84505e+06
1.40671e+07, 6.77957e+06
1.4116e+07, 6.71303e+06
1.41641e+07, 6.64545e+06
1.42114e+07, 6.57685e+06
1.42579e+07, 6.50725e+06
1.43035e+07, 6.43668e+06
1.43483e+07, 6.36516e+06
1.43922e+07, 6.29273e+06
1.44351e+07, 6.2194e+06
1.44771e+07, 6.1452e+06
1.45181e+07, 6.07017e+06
1.45581e+07, 5.99433e+06
1.4597e+07, 5.91772e+06
1.46348e+07, 5.84037e+06
1.46715e+07, 5.76231e+06
1.47071e+07, 5.68357e+06
1.47416e+07, 5.60419e+06
1.47749e+07, 5.52421e+06
1.4807e+07, 5.44366e+06
1.48379e+07, 5.36257e+06
1.48676e+07, 5.28099e+06
1.48961e+07, 5.19896e+06
1.49234e+07, 5.1165e+06
1.49493e+07, 5.03367e+06
1.4974e+07, 4.95049e+06
1.49975e+07, 4.86701e+06
1.50196e+07, 4.78328e+06
1.50404e+07, 4.69932e+06
1.506e+07, 4.61518e+06
1.50783e+07, 4.5309e+06
1.50952e+07, 4.44652e+06
1.51109e+07, 4.36209e+06
1.51252e+07, 4.27764e+06
1.51383e+07, 4.19321e+06
1.515e+07, 4.10885e+06
1.51605e+07, 4.02459e+06
1.51697e+07, 3.94049e+06
1.51776e+07, 3.85657e+06
1.51842e+07, 3.77288e+06
1.51896e+07, 3.68946e+06
1.51938e+07, 3.60635e+06
1.51967e+07, 3.52358e+06
1.51984e+07, 3.4412e+06
1.5199e+07, 3.35925e+06
1.51984e+07, 3.27775e+06
1.51966e+07, 3.19676e+06
1.51937e+07, 3.1163e+06
1.51896e+07, 3.03641e+06
1.51845e+07, 2.95713e+06
1.51784e+07, 2.87848e+06
1.51712e+07, 2.80051e+06
1.5163e+07, 2.72323e+06
1.51539e+07, 2.64669e+06
1.51438e+07, 2.57092e+06
1.51328e+07, 2.49593e+06
1.5121e+07, 2.42176e+06
1.51083e+07, 2.34843e+06
1.50948e+07, 2.27597e+06
1.50806e+07, 2.2044e+06
1.50656e+07, 2.13374e+06
1.50499e+07, 2.064e+06
1.50336e+07, 1.99522e+06
1.50167e+07, 1.9274e+06
1.49992e+07, 1.86057e+06
1.49812e+07, 1.79472e+06
1.49626e+07, 1.72988e+06
1.49437e+07, 1.66606e+06
1.49243e+07, 1.60327e+06
1.49046e+07, 1.5415e+06
1.48845e+07, 1.48077e+06
1.48642e+07, 1.42108e+06
1.48436e+07, 1.36244e+06
1.48229e+07, 1.30483e+06
1.48019e+07, 1.24827e+06
1.47809e+07, 1.19275e+06
1.47598e+07, 1.13825e+06
1.47387e+07, 1.08479e+06
1.47176e+07, 1.03235e+06
1.46965e+07, 980914
1.46755e+07, 930480
1.46547e+07, 881034
1.4634e+07, 832561
1.46135e+07, 785047
1.45933e+07, 738475
1.45733e+07, 692829
1.45537e+07, 648087
1.45344e+07, 604232
1.45154e+07, 561240
1.44969e+07, 519091
1.44789e+07, 477759
1.44613e+07, 437221
1.44442e+07, 397452
1.44277e+07, 358423
1.44117e+07, 320109
1.43963e+07, 282481
1.43815e+07, 245509
1.43673e+07, 209164
1.43538e+07, 173415
1.4341e+07, 138232
1.43288e+07, 103581
1.43174e+07, 69432
1.43067e+07, 35750.3
1.42967e+07, 2502.99
1.42876e+07, -30343.9
1.42791e+07, -62824.7
1.42715e+07, -94974.1
1.42647e+07, -126827
1.42587e+07, -158419
1.42535e+07, -189786
1.42491e+07, -220963
1.42456e+07, -251986
1.42429e+07, -282891
1.4241e+07, -313715
1.424e+07, -344495
1.42398e+07, -375265
1.42405e+07, -406062
1.4242e+07, -436923
1.42443e+07, -467884
1.42475e+07, -498981
1.42515e+07, -530249
1.42563e+07, -561725
1.4262e+07, -593443
1.42684e+07, -625439
1.42756e+07, -657747
1.42836e+07, -690402
1.42924e+07, -723438
1.43019e+07, -756889
1.43122e+07, -790788
1.43232e+07, -825167
1.43348e+07, -860059
1.43472e+07, -895495
1.43602e+07, -931506
1.43739e+07, -968122
1.43882e+07, -1.00537e+06
1.44031e+07, -1.04329e+06
1.44186e+07, -1.08189e+06
1.44346e+07, -1.12122e+06
1.44511e+07, -1.16129e+06
1.44681e+07, -1.20213e+06
1.44856e+07, -1.24376e+06
1.45035e+07, -1.28621e+06
1.45218e+07, -1.32951e+06
1.45405e+07, -1.37366e+06
1.45595e+07, -1.4187e+06
1.45788e+07, -1.46464e+06
1.45984e+07, -1.5115e+06
1.46183e+07, -1.55929e+06
1.46383e+07, -1.60804e+06
1.46585e+07, -1.65775e+06
1.46788e+07, -1.70844e+06
1.46992e+07, -1.76012e+06
1.47197e+07, -1.8128e+06
1.47402e+07, -1.86649e+06
1.47606e+07, -1.9212e+06
1.4781e+07, -1.97692e+06
1.48013e+07, -2.03368e+06
1.48215e+07, -2.09147e+06
1.48414e+07, -2.15029e+06
1.48612e+07, -2.21014e+06
1.48807e+07, -2.27102e+06
1.48999e+07, -2.33293e+06
1.49187e+07, -2.39586e+06
1.49372e+07, -2.45982e+06
1.49552e+07, -2.52478e+06
1.49728e+07, -2.59075e+06
1.49899e+07, -2.65771e+06
1.50065e+07, -2.72565e+06
1.50224e+07, -2.79456e+06
1.50378e+07, -2.86442e+06
1.50526e+07, -2.93522e+06
1.50666e+07, -3.00695e+06
1.50799e+07, -3.07957e+06
1.50925e+07, -3.15308e+06
1.51043e+07, -3.22746e+06
1.51153e+07, -3.30268e+06
1.51254e+07, -3.37871e+06
1.51347e+07, -3.45554e+06
1.5143e+07, -3.53314e+06
1.51504e+07, -3.61149e+06
1.51568e+07, -3.69054e+06
1.51623e+07, -3.77029e+06
1.51667e+07, -3.8507e+06
1.517e+07, -3.93174e+06
1.51723e+07, -4.01337e+06
1.51735e+07, -4.09558e+06
1.51736e+07, -4.17832e+06
1.51725e+07, -4.26156e+06
1.51703e+07, -4.34527e+06
1.51669e+07, -4.42942e+06
1.51623e+07, -4.51397e+06
1.51565e+07, -4.59889e+06
1.51495e+07, -4.68414e+06
1.51413e+07, -4.76969e+06
1.51318e+07, -4.8555e+06
1.5121e+07, -4.94154e+06
1.5109e+07, -5.02776e+06
1.50957e+07, -5.11414e+06
1.50811e+07, -5.20063e+06
1.50653e+07, -5.2872e+06
1.50481e+07, -5.37381e+06
1.50297e+07, -5.46043e+06
1.50099e+07, -5.54702e+06
1.49889e+07, -5.63354e+06
1.49665e+07, -5.71995e+06
1.49429e+07, -5.80622e+06
1.4918e+07, -5.89232e+06
1.48917e+07, -5.9782e+06
1.48642e+07, -6.06383e+06
1.48355e+07, -6.14918e+06
1.48054e+07, -6.2342e+06
1.47741e+07, -6.31887e+06
1.47415e+07, -6.40314e+06
1.47077e+07, -6.48699e+06
1.46727e+07, -6.57039e+06
1.46364e+07, -6.65328e+06
1.4599e+07, -6.73565e+06
1.45603e+07, -6.81747e+06
1.45205e+07, -6.89869e+06
1.44796e+07, -6.97928e+06
1.44374e+07, -7.05923e+06
1.43942e+07, -7.13848e+06
1.43499e+07, -7.21703e+06
1.43045e+07, -7.29483e+06
1.4258e+07, -7.37185e+06
1.42105e+07, -7.44808e+06
1.4162e+07, -7.52348e+06
1.41125e+07, -7.59802e+06
1.40621e+07, -7.67169e+06
1.40107e+07, -7.74445e+06
1.39584e+07, -7.81628e+06
1.39052e+07, -7.88716e+06
1.38512e+07, -7.95707e+06
1.37963e+07, -8.02598e+06
1.37407e+07, -8.09388e+06
1.36843e+07, -8.16074e+06
1.36271e+07, -8.22654e+06
1.35693e+07, -8.29128e+06
1.35108e+07, -8.35493e+06
1.34516e+07, -8.41747e+06
1.33919e+07, -8.4789e+06
1.33316e+07, -8.53919e+06
1.32707e+07, -8.59834e+06
1.32094e+07, -8.65633e+06
1.31476e+07, -8.71316e+06
1.30853e+07, -8.76882e+06
1.30227e+07, -8.82329e+06
1.29597e+07, -8.87658e+06
1.28964e+07, -8.92867e+06
1.28329e+07, -8.97957e+06
1.27691e+07, -9.02926e+06
1.2705e+07, -9.07775e+06
1.26408e+07, -9.12504e+06
1.25765e+07, -9.17113e+06
1.25121e+07, -9.21602e+06
1.24476e+07, -9.25971e+06
1.23831e+07, -9.30221e+06
1.23186e+07, -9.34352e+06
1.22541e+07, -9.38366e+06
1.21898e+07, -9.42262e+06
1.21256e+07, -9.46042e+06
1.20615e+07, -9.49708e+06
1.19976e+07, -9.5326e+06
1.1934e+07, -9.56699e+06
1.18706e+07, -9.60027e+06
1.18076e+07, -9.63247e+06
1.17448e+07, -9.66358e+06
1.16824e+07, -9.69363e+06
1.16205e+07, -9.72265e+06
1.15589e+07, -9.75065e+06
1.14979e+07, -9.77764e+06
1.14373e+07, -9.80367e+06
1.13772e+07, -9.82874e+06
1.13177e+07, -9.85288e+06
1.12587e+07, -9.87612e+06
1.12004e+07, -9.89849e+06
1.11427e+07, -9.92001e+06
1.10856e+07, -9.9407e+06
1.10292e+07, -9.9606e+06
1.09735e+07, -9.97974e+06
1.09186e+07, -9.99814e+06
1.08643e+07, -1.00158e+07
1.08109e+07, -1.00329e+07
1.07582e+07, -1.00493e+07
1.07063e+07, -1.0065e+07
1.06552e+07, -1.00803e+07
1.06049e+07, -1.00949e+07
1.05555e+07, -1.01091e+07
1.05069e+07, -1.01228e+07
1.04591e+07, -1.0136e+07
1.04123e+07, -1.01488e+07
1.03663e+07, -1.01613e+07
1.03212e+07, -1.01734e+07
1.0277e+07, -1.01852e+07
1.02337e+07, -1.01968e+07
1.01913e+07, -1.02081e+07
1.01498e+07, -1.02192e+07
1.01092e+07, -1.02302e+07
1.00695e+07, -1.0241e+07
1.00307e+07, -1.02518e+07
9.99277e+06, -1.02625e+07
9.95576e+06, -1.02731e+07
9.91966e+06, -1.02838e+07
9.88443e+06, -1.02945e+07
9.85009e+06, -1.03052e+07
9.81663e+06, -1.03161e+07
9.78403e+06, -1.03271e+07
9.75228e+06, -1.03383e+07
9.72138e+06, -1.03497e+07
9.69131e+06, -1.03614e+07
9.66207e+06, -1.03733e+07
9.63363e+06, -1.03854e+07
9.60598e+06, -1.0398e+07
9.57912e+06, -1.04108e+07
9.55301e+06, -1.04241e+07
9.52765e+06, -1.04378e+07
9.50302e+06, -1.04519e+07
9.47909e+06, -1.04664e+07
9.45586e+06, -1.04815e+07
9.43329e+06, -1.0497e+07
9.41137e+06, -1.05132e+07
9.39008e+06, -1.05298e+07
9.36939e+06, -1.05471e+07
9.34928e+06, -1.0565e+07
9.32972e+06, -1.05835e+07
9.3107e+06, -1.06026e+07
9.29219e+06, -1.06225e+07
9.27416e+06, -1.0643e+07
9.25659e+06, -1.06642e+07
9.23944e+06, -1.06862e+07
9.22269e+06, -1.07089e+07
9.20632e+06, -1.07324e+07
9.19029e+06, -1.07566e+07
9.17458e+06, -1.07816e+07
9.15916e+06, -1.08075e+07
9.14399e+06, -1.08341e+07
9.12906e+06, -1.08616e+07
9.11432e+06, -1.08899e+07
9.09974e+06, -1.09191e+07
9.0853e+06, -1.09491e+07
9.07097e+06, -1.098e+07
9.05671e+06, -1.10117e+07
9.04248e+06, -1.10443e+07
9.02827e+06, -1.10778e+07
9.01403e+06, -1.11122e+07
8.99974e+06, -1.11475e+07
8.98535e+06, -1.11837e+07
8.97085e+06, -1.12207e+07
8.95619e+06, -1.12587e+07
8.94134e+06, -1.12975e+07
8.92628e+06, -1.13372e+07
8.91096e+06, -1.13778e+07
8.89535e+06, -1.14192e+07
8.87943e+06, -1.14616e+07
8.86316e+06, -1.15047e+07
8.8465e+06, -1.15488e+07
8.82943e+06, -1.15937e+07
8.81191e+06, -1.16394e+07
8.79391e+06, -1.1686e+07
8.7754e+06, -1.17333e+07
8.75635e+06, -1.17815e+07
8.73672e+06, -1.18305e+07
8.71649e+06, -1.18802e+07
8.69563e+06, -1.19306e+07
8.67411e+06, -1.19819e+07
8.6519e+06, -1.20338e+07
8.62896e+06, -1.20864e+07
8.60528e+06, -1.21397e+07
8.58082e+06, -1.21937e+07
8.55556e+06, -1.22483e+07
8.52948e+06, -1.23035e+07
8.50254e+06, -1.23593e+07
8.47472e+06, -1.24157e+07
8.446e+06, -1.24726e+07
8.41635e+06, -1.253e+07
8.38576e+06, -1.25879e+07
8.3542e+06, -1.26463e+07
8.32166e+06, -1.27051e+07
8.2881e+06, -1.27643e+07
8.25352e+06, -1.28239e+07
8.2179e+06, -1.28838e+07
8.18121e+06, -1.2944e+07
8.14345e+06, -1.30045e+07
8.1046e+06, -1.30652e+07
8.06464e+06, -1.31262e+07
8.02357e+06, -1.31873e+07
7.98137e+06, -1.32486e+07
7.93804e+06, -1.331e+07
7.89355e+06, -1.33714e+07
7.84791e+06, -1.3433e+07
7.80111e+06, -1.34945e+07
7.75315e+06, -1.3556e+07
7.70401e+06, -1.36174e+07
7.65369e+06, -1.36787e+07
7.6022e+06, -1.37399e+07
7.54953e+06, -1.38009e+07
7.49568e+06, -1.38618e+07
7.44065e+06, -1.39224e+07
7.38445e+06, -1.39827e+07
7.32707e+06, -1.40427e+07
7.26853e+06, -1.41024e+07
7.20882e+06, -1.41617e+07
7.14795e+06, -1.42206e+07
7.08594e+06, -1.4279e+07
7.02279e+06, -1.4337e+07
6.95851e+06, -1.43944e+07
6.8931e+06, -1.44513e+07
6.82659e+06, -1.45077e+07
6.75899e+06, -1.45634e+07
6.6903e+06, -1.46185e+07
6.62054e+06, -1.46729e+07
6.54973e+06, -1.47266e+07
6.47789e+06, -1.47796e+07
6.40503e+06, -1.48318e+07
6.33116e+06, -1.48832e+07
6.25632e+06, -1.49338e+07
6.18051e+06, -1.49836e+07
6.10376e+06, -1.50325e+07
6.02609e+06, -1.50805e+07
5.94751e+06, -1.51276e+07
5.86807e+06, -1.51737e+07
5.78776e+06, -1.52189e+07
5.70663e+06, -1.5263e+07
5.6247e+06, -1.53062e+07
5.54198e+06, -1.53483e+07
5.4585e+06, -1.53893e+07
5.3743e+06, -1.54293e+07
5.2894e+06, -1.54682e+07
5.20382e+06, -1.55059e+07
5.11759e+06, -1.55425e+07
5.03074e+06, -1.5578e+07
4.9433e+06, -1.56123e+07
4.8553e+06, -1.56454e+07
4.76677e+06, -1.56773e+07
4.67773e+06, -1.5708e+07
4.58822e+06, -1.57374e+07
4.49826e+06, -1.57657e+07
4.40789e+06, -1.57927e+07
4.31714e+06, -1.58184e+07
4.22604e+06, -1.58429e+07
4.13462e+06, -1.5866e+07
4.04291e+06, -1.5888e+07
3.95094e+06, -1.59086e+07
3.85874e+06, -1.59279e+07
3.76636e+06, -1.59459e+07
3.67381e+06, -1.59627e+07
3.58113e+06, -1.59781e+07
3.48835e+06, -1.59922e+07
3.39551e+06, -1.6005e+07
3.30263e+06, -1.60165e+07
3.20975e+06, -1.60268e+07
3.1169e+06, -1.60357e+07
3.02412e+06, -1.60432e+07
2.93143e+06, -1.60495e+07
2.83886e+06, -1.60546e+07
2.74645e+06, -1.60583e+07
2.65424e+06, -1.60607e+07
2.56224e+06, -1.60619e+07
2.47049e+06, -1.60618e+07
2.37903e+06, -1.60604e+07
2.28788e+06, -1.60578e+07
2.19708e+06, -1.60539e+07
2.10665e+06, -1.60489e+07
2.01662e+06, -1.60426e+07
1.92703e+06, -1.60351e+07
1.8379e+06, -1.60264e+07
1.74926e+06, -1.60166e+07
1.66115e+06, -1.60056e+07
1.57358e+06, -1.59935e+07
1.48658e+06, -1.59802e+07
1.40019e+06, -1.59659e+07
1.31442e+06, -1.59504e+07
1.22931e+06, -1.59339e+07
1.14488e+06, -1.59164e+07
1.06115e+06, -1.58978e+07
978153, -1.58783e+07
895907, -1.58577e+07
814436, -1.58363e+07
733761, -1.58139e+07
653905, -1.57905e+07
574888, -1.57664e+07
496731, -1.57413e+07
419451, -1.57155e+07
343068, -1.56888e+07
267599, -1.56614e+07
193061, -1.56332e+07
119470, -1.56044e+07
46839.9, -1.55748e+07
-24814.2, -1.55446e+07
-95479.6, -1.55138e+07
-165144, -1.54824e+07
-233796, -1.54505e+07
-301426, -1.5418e+07
-368023, -1.5385e+07
-433581, -1.53516e+07
-498091, -1.53177e+07
-561547, -1.52835e+07
-623944, -1.52489e+07
-685278, -1.52139e+07
-745545, -1.51787e+07
-804743, -1.51432e+07
-862871, -1.51075e+07
-919928, -1.50716e+07
-975916, -1.50355e+07
-1.03084e+06, -1.49993e+07
-1.08469e+06, -1.4963e+07
-1.13749e+06, -1.49266e+07
-1.18923e+06, -1.48902e+07
-1.23992e+06, -1.48538e+07
-1.28956e+06, -1.48175e+07
-1.33817e+06, -1.47812e+07
-1.38576e+06, -1.4745e+07
-1.43233e+06, -1.47089e+07
-1.47789e+06, -1.4673e+07
-1.52246e+06, -1.46373e+07
-1.56604e+06, -1.46019e+07
-1.60866e+06, -1.45666e+07
-1.65033e+06, -1.45317e+07
-1.69106e+06, -1.4497e+07
-1.73086e+06, -1.44627e+07
-1.76976e+06, -1.44288e+07
-1.80777e+06, -1.43952e+07
-1.84491e+06, -1.43621e+07
-1.8812e+06, -1.43294e+07
-1.91666e+06, -1.42971e+07
-1.95132e+06, -1.42654e+07
-1.98518e+06, -1.42342e+07
-2.01827e+06, -1.42035e+07
-2.05062e+06, -1.41734e+07
-2.08225e+06, -1.41438e+07
-2.11317e+06, -1.41149e+07
-2.14343e+06, -1.40866e+07
-2.17303e+06, -1.40589e+07
-2.20201e+06, -1.40319e+07
-2.23039e+06, -1.40055e+07
-2.25819e+06, -1.39799e+07
-2.28545e+06, -1.39549e+07
-2.31219e+06, -1.39307e+07
-2.33843e+06, -1.39072e+07
-2.36421e+06, -1.38845e+07
-2.38955e+06, -1.38625e+07
-2.41447e+06, -1.38413e+07
-2.43902e+06, -1.38209e+07
-2.46321e+06, -1.38013e+07
-2.48707e+06, -1.37825e+07
-2.51063e+06, -1.37645e+07
-2.53393e+06, -1.37473e+07
-2.55699e+06, -1.37309e+07
-2.57983e+06, -1.37154e+07
-2.60249e+06, -1.37007e+07
-2.625e+06, -1.36869e+07
-2.64739e+06, -1.36738e+07
-2.66968e+06, -1.36617e+07
-2.69191e+06, -1.36503e+07
-2.7141e+06, -1.36399e+07
-2.73629e+06, -1.36302e+07
-2.75849e+06, -1.36214e+07
-2.78075e+06, -1.36135e+07
-2.80309e+06, -1.36064e+07
-2.82554e+06, -1.36001e+07
-2.84812e+06, -1.35947e+07
-2.87087e+06, -1.35901e+07
-2.89381e+06, -1.35863e+07
-2.91697e+06, -1.35833e+07
-2.94038e+06, -1.35811e+07
-2.96407e+06, -1.35797e+07
-2.98806e+06, -1.35791e+07
-3.01238e+06, -1.35793e+07
-3.03706e+06, -1.35802e+07
-3.06213e+06, -1.3582e+07
-3.0876e+06, -1.35844e+07
-3.11351e+06, -1.35876e+07
-3.13988e+06, -1.35915e+07
-3.16673e+06, -1.35961e+07
-3.19409e+06, -1.36014e+07
-3.22199e+06, -1.36073e+07
-3.25045e+06, -1.36139e+07
-3.27948e+06, -1.36212e+07
-3.30912e+06, -1.3629e+07
-3.33938e+06, -1.36375e+07
-3.3703e+06, -1.36465e+07
-3.40188e+06, -1.36562e+07
-3.43415e+06, -1.36663e+07
-3.46712e+06, -1.3677e+07
-3.50083e+06, -1.36882e+07
-3.53528e+06, -1.36998e+07
-3.5705e+06, -1.37119e+07
-3.60651e+06, -1.37245e+07
-3.64331e+06, -1.37374e+07
-3.68093e+06, -1.37508e+07
-3.71939e+06, -1.37645e+07
-3.75869e+06, -1.37785e+07
-3.79885e+06, -1.37928e+07
-3.83989e+06, -1.38074e+07
-3.88182e+06, -1.38223e+07
-3.92465e+06, -1.38374e+07
-3.9684e+06, -1.38527e+07
-4.01306e+06, -1.38682e+07
-4.05866e+06, -1.38838e+07
-4.1052e+06, -1.38995e+07
-4.1527e+06, -1.39154e+07
-4.20114e+06, -1.39313e+07
-4.25056e+06, -1.39472e+07
-4.30094e+06, -1.39631e+07
-4.3523e+06, -1.39789e+07
-4.40464e+06, -1.39948e+07
-4.45797e+06, -1.40105e+07
-4.51227e+06, -1.40261e+07
-4.56757e+06, -1.40415e+07
-4.62385e+06, -1.40568e+07
-4.68112e+06, -1.40718e+07
-4.73937e+06, -1.40866e+07
-4.79861e+06, -1.41012e+07
-4.85882e+06, -1.41154e+07
-4.92002e+06, -1.41293e+07
-4.98218e+06, -1.41428e+07
-5.04531e+06, -1.41559e+07
-5.1094e+06, -1.41686e+07
-5.17445e+06, -1.41808e+07
-5.24043e+06, -1.41925e+07
-5.30735e+06, -1.42037e+07
-5.37519e+06, -1.42144e+07
-5.44395e+06, -1.42245e+07
-5.5136e+06, -1.4234e+07
-5.58415e+06, -1.42428e+07
-5.65556e+06, -1.4251e+07
-5.72784e+06, -1.42585e+07
-5.80096e+06, -1.42652e+07
-5.87491e+06, -1.42712e+07
-5.94967e+06, -1.42765e+07
-6.02522e+06, -1.42809e+07
-6.10155e+06, -1.42845e+07
-6.17863e+06, -1.42873e+07
-6.25644e+06, -1.42892e+07
-6.33497e+06, -1.42901e+07
-6.4142e+06, -1.42902e+07
-6.49409e+06, -1.42893e+07
-6.57464e+06, -1.42874e+07
-6.6558e+06, -1.42846e+07
-6.73757e+06, -1.42807e+07
-6.81992e+06, -1.42758e+07
-6.90282e+06, -1.42699e+07
-6.98624e+06, -1.42629e+07
-7.07016e+06, -1.42547e+07
-7.15455e+06, -1.42455e+07
-7.2394e+06, -1.42352e+07
-7.32466e+06, -1.42238e+07
-7.41031e+06, -1.42111e+07
-7.49632e+06, -1.41974e+07
-7.58267e+06, -1.41824e+07
-7.66932e+06, -1.41663e+07
-7.75625e+06, -1.41489e+07
-7.84342e+06, -1.41304e+07
-7.93082e+06, -1.41106e+07
-8.0184e+06, -1.40896e+07
-8.10613e+06, -1.40674e+07
-8.194e+06, -1.40439e+07
-8.28196e+06, -1.40191e+07
-8.36999e+06, -1.39931e+07
-8.45805e+06, -1.39659e+07
-8.54612e+06, -1.39374e+07
-8.63417e+06, -1.39076e+07
-8.72216e+06, -1.38765e+07
-8.81006e+06, -1.38442e+07
-8.89785e+06, -1.38106e+07
-8.98549e+06, -1.37757e+07
-9.07295e+06, -1.37396e+07
-9.1602e+06, -1.37022e+07
-9.24722e+06, -1.36635e+07
-9.33397e+06, -1.36236e+07
-9.42042e+06, -1.35824e+07
-9.50655e+06, -1.354e+07
-9.59232e+06, -1.34963e+07
-9.6777e+06, -1.34514e+07
-9.76267e+06, -1.34052e+07
-9.84719e+06, -1.33579e+07
-9.93124e+06, -1.33093e+07
-1.00148e+07, -1.32595e+07
-1.00978e+07, -1.32085e+07
-1.01803e+07, -1.31563e+07
-1.02622e+07, -1.3103e+07
-1.03435e+07, -1.30485e+07
-1.04241e+07, -1.29929e+07
-1.05041e+07, -1.29361e+07
-1.05834e+07, -1.28782e+07
-1.0662e+07, -1.28192e+07
-1.07398e+07, -1.27592e+07
-1.08169e+07, -1.2698e+07
-1.08932e+07, -1.26358e+07
-1.09687e+07, -1.25726e+07
-1.10433e+07, -1.25084e+07
-1.11171e+07, -1.24431e+07
-1.119e+07, -1.23769e+07
-1.12621e+07, -1.23097e+07
-1.13332e+07, -1.22416e+07
-1.14034e+07, -1.21726e+07
-1.14726e+07, -1.21026e+07
-1.15408e+07, -1.20318e+07
-1.1608e+07, -1.19602e+07
-1.16743e+07, -1.18877e+07
-1.17394e+07, -1.18144e+07
-1.18036e+07, -1.17403e+07
-1.18667e+07, -1.16655e+07
-1.19287e+07, -1.15899e+07
-1.19895e+07, -1.15136e+07
-1.20493e+07, -1.14367e+07
-1.2108e+07, -1.1359e+07
-1.21655e+07, -1.12808e+07
-1.22219e+07, -1.12019e+07
-1.22771e+07, -1.11225e+07
-1.23311e+07, -1.10425e+07
-1.2384e+07, -1.0962e+07
-1.24356e+07, -1.0881e+07
-1.24861e+07, -1.07995e+07
-1.25353e+07, -1.07176e+07
-1.25834e+07, -1.06352e+07
-1.26302e+07, -1.05525e+07
-1.26757e+07, -1.04694e+07
-1.27201e+07, -1.0386e+07
-1.27631e+07, -1.03023e+07
-1.2805e+07, -1.02183e+07
-1.28456e+07, -1.01341e+07
-1.28849e+07, -1.00497e+07
-1.2923e+07, -9.96504e+06
-1.29598e+07, -9.88027e+06
-1.29954e+07, -9.79538e+06
-1.30297e+07, -9.71039e+06
-1.30628e+07, -9.62535e+06
-1.30946e+07, -9.54026e+06
-1.31252e+07, -9.45518e+06
-1.31546e+07, -9.37011e+06
-1.31826e+07, -9.28511e+06
-1.32095e+07, -9.20018e+06
-1.32351e+07, -9.11537e+06
-1.32596e+07, -9.0307e+06
-1.32828e+07, -8.9462e+06
-1.33048e+07, -8.86189e+06
-1.33256e+07, -8.77782e+06
-1.33452e+07, -8.694e+06
-1.33636e+07, -8.61046e+06
-1.33809e+07, -8.52724e+06
-1.3397e+07, -8.44435e+06
-1.3412e+07, -8.36183e+06
-1.34259e+07, -8.2797e+06
-1.34387e+07, -8.19799e+06
-1.34503e+07, -8.11672e+06
-1.34609e+07, -8.03593e+06
-1.34704e+07, -7.95563e+06
-1.34789e+07, -7.87585e+06
-1.34864e+07, -7.79661e+06
-1.34928e+07, -7.71794e+06
-1.34983e+07, -7.63986e+06
-1.35028e+07, -7.56239e+06
-1.35064e+07, -7.48556e+06
-1.3509e+07, -7.40939e+06
-1.35107e+07, -7.33389e+06
-1.35116e+07, -7.25909e+06
-1.35116e+07, -7.18501e+06
-1.35107e+07, -7.11167e+06
-1.3509e+07, -7.03907e+06
-1.35066e+07, -6.96725e+06
-1.35034e+07, -6.89622e+06
-1.34994e+07, -6.826e+06
-1.34948e+07, -6.75659e+06
-1.34894e+07, -6.68802e+06
-1.34834e+07, -6.6203e+06
-1.34768e+07, -6.55344e+06
-1.34696e+07, -6.48746e+06
-1.34617e+07, -6.42236e+06
-1.34534e+07, -6.35816e+06
-1.34445e+07, -6.29487e+06
-1.34351e+07, -6.23249e+06
-1.34253e+07, -6.17104e+06
-1.3415e+07, -6.11052e+06
-1.34043e+07, -6.05094e+06
-1.33932e+07, -5.99231e+06
-1.33818e+07, -5.93462e+06
-1.33701e+07, -5.87789e+06
-1.3358e+07, -5.82212e+06
-1.33457e+07, -5.76731e+06
-1.33332e+07, -5.71347e+06
-1.33205e+07, -5.66059e+06
-1.33076e+07, -5.60867e+06
-1.32945e+07, -5.55772e+06
-1.32813e+07, -5.50774e+06
-1.3268e+07, -5.45871e+06
-1.32547e+07, -5.41064e+06
-1.32414e+07, -5.36353e+06
-1.3228e+07, -5.31737e+06
-1.32146e+07, -5.27215e+06
-1.32013e+07, -5.22787e+06
-1.31881e+07, -5.18453e+06
-1.3175e+07, -5.14212e+06
-1.3162e+07, -5.10062e+06
-1.31492e+07, -5.06003e+06
-1.31366e+07, -5.02034e+06
-1.31242e+07, -4.98154e+06
-1.3112e+07, -4.94362e+06
-1.31e+07, -4.90657e+06
-1.30884e+07, -4.87038e+06
-1.30771e+07, -4.83503e+06
-1.30661e+07, -4.80051e+06
-1.30554e+07, -4.7668e+06
-1.30452e+07, -4.7339e+06
-1.30353e+07, -4.70179e+06
-1.30259e+07, -4.67045e+06
-1.30169e+07, -4.63986e+06
-1.30084e+07, -4.61001e+06
-1.30004e+07, -4.58089e+06
-1.29929e+07, -4.55247e+06
-1.29859e+07, -4.52473e+06
-1.29795e+07, -4.49766e+06
-1.29736e+07, -4.47125e+06
-1.29683e+07, -4.44546e+06
-1.29637e+07, -4.42028e+06
-1.29596e+07, -4.39569e+06
-1.29562e+07, -4.37167e+06
-1.29535e+07, -4.34819e+06
-1.29514e+07, -4.32524e+06
-1.295e+07, -4.3028e+06
-1.29493e+07, -4.28084e+06
-1.29493e+07, -4.25934e+06
-1.295e+07, -4.23827e+06
-1.29515e+07, -4.21762e+06
-1.29537e+07, -4.19736e+06
-1.29567e+07, -4.17747e+06
-1.29604e+07, -4.15791e+06
-1.29649e+07, -4.13868e+06
-1.29703e+07, -4.11974e+06
-1.29764e+07, -4.10108e+06
-1.29833e+07, -4.08266e+06
-1.2991e+07, -4.06445e+06
-1.29996e+07, -4.04645e+06
-1.30089e+07, -4.02861e+06
-1.30192e+07, -4.01092e+06
-1.30302e+07, -3.99335e+06
-1.30421e+07, -3.97587e+06
-1.30548e+07, -3.95845e+06
-1.30684e+07, -3.94108e+06
-1.30828e+07, -3.92373e+06
-1.30981e+07, -3.90637e+06
-1.31142e+07, -3.88897e+06
-1.31311e+07, -3.87151e+06
-1.3149e+07, -3.85396e+06
-1.31676e+07, -3.83629e+06
-1.31871e+07, -3.81849e+06
-1.32075e+07, -3.80052e+06
-1.32287e+07, -3.78236e+06
-1.32507e+07, -3.76398e+06
-1.32736e+07, -3.74536e+06
-1.32973e+07, -3.72647e+06
-1.33218e+07, -3.70729e+06
-1.33471e+07, -3.68778e+06
-1.33732e+07, -3.66793e+06
-1.34001e+07, -3.64771e+06
-1.34279e+07, -3.62709e+06
-1.34564e+07, -3.60606e+06
-1.34856e+07, -3.58457e+06
-1.35157e+07, -3.56262e+06
-1.35464e+07, -3.54018e+06
-1.3578e+07, -3.51722e+06
-1.36102e+07, -3.49372e+06
-1.36431e+07, -3.46965e+06
-1.36768e+07, -3.445e+06
-1.37111e+07, -3.41974e+06
-1.37461e+07, -3.39384e+06
-1.37818e+07, -3.36729e+06
-1.38181e+07, -3.34007e+06
-1.3855e+07, -3.31215e+06
-1.38925e+07, -3.28351e+06
-1.39306e+07, -3.25414e+06
-1.39692e+07, -3.224e+06
-1.40084e+07, -3.19309e+06
-1.40482e+07, -3.16138e+06
-1.40884e+07, -3.12886e+06
-1.41291e+07, -3.09551e+06
-1.41703e+07, -3.0613e+06
-1.42119e+07, -3.02622e+06
-1.4254e+07, -2.99027e+06
-1.42964e+07, -2.95341e+06
-1.43393e+07, -2.91563e+06
-1.43824e+07, -2.87693e+06
-1.44259e+07, -2.83728e+06
-1.44697e+07, -2.79668e+06
-1.45138e+07, -2.7551e+06
-1.45581e+07, -2.71254e+06
-1.46027e+07, -2.66899e+06
-1.46474e+07, -2.62443e+06
-1.46924e+07, -2.57886e+06
-1.47375e+07, -2.53226e+06
-1.47827e+07, -2.48463e+06
-1.48279e+07, -2.43595e+06
-1.48733e+07, -2.38623e+06
-1.49187e+07, -2.33545e+06
-1.49641e+07, -2.2836e+06
-1.50095e+07, -2.23069e+06
-1.50549e+07, -2.17671e+06
-1.51001e+07, -2.12165e+06
-1.51453e+07, -2.06552e+06
-1.51903e+07, -2.0083e+06
-1.52352e+07, -1.95e+06
-1.52799e+07, -1.89062e+06
-1.53244e+07, -1.83015e+06
-1.53686e+07, -1.76861e+06
-1.54126e+07, -1.70598e+06
-1.54562e+07, -1.64227e+06
-1.54996e+07, -1.57749e+06
-1.55425e+07, -1.51164e+06
-1.55851e+07, -1.44471e+06
-1.56273e+07, -1.37673e+06
-1.5669e+07, -1.30769e+06
-1.57103e+07, -1.23761e+06
-1.5751e+07, -1.16648e+06
-1.57912e+07, -1.09432e+06
-1.58309e+07, -1.02113e+06
-1.587e+07, -946934
-1.59085e+07, -871730
-1.59464e+07, -795532
-1.59836e+07, -718353
-1.60201e+07, -640205
-1.60559e+07, -561101
-1.60909e+07, -481054
-1.61252e+07, -400079
-1.61588e+07, -318190
-1.61915e+07, -235403
-1.62233e+07, -151734
-1.62544e+07, -67199.2
-1.62845e+07, 18183.7
-1.63138e+07, 104397
-1.63421e+07, 191423
-1.63695e+07, 279242
-1.63959e+07, 367836
-1.64214e+07, 457185
-1.64458e+07, 547268
-1.64692e+07, 638064
-1.64916e+07, 729554
-1.6513e+07, 821715
-1.65332e+07, 914526
-1.65524e+07, 1.00796e+06
-1.65705e+07, 1.10201e+06
-1.65874e+07, 1.19663e+06
-1.66032e+07, 1.29181e+06
-1.66179e+07, 1.38753e+06
-1.66314e+07, 1.48376e+06
-1.66437e+07, 1.58047e+06
-1.66548e+07, 1.67765e+06
-1.66647e+07, 1.77526e+06
-1.66734e+07, 1.87329e+06
-1.66809e+07, 1.9717e+06
-1.66872e+07, 2.07048e+06
-1.66922e+07, 2.16959e+06
-1.66959e+07, 2.26901e+06
-1.66984e+07, 2.36872e+06
-1.66997e+07, 2.46869e+06
-1.66996e+07, 2.56888e+06
-1.66983e+07, 2.66929e+06
-1.66957e+07, 2.76987e+06
-1.66918e+07, 2.8706e+06
-1.66866e+07, 2.97146e+06
-1.66801e+07, 3.07242e+06
-1.66723e+07, 3.17346e+06
-1.66632e+07, 3.27453e+06
-1.66528e+07, 3.37563e+06
-1.66411e+07, 3.47672e+06
-1.66281e+07, 3.57778e+06
-1.66137e+07, 3.67877e+06
-1.65981e+07, 3.77968e+06
-1.65812e+07, 3.88047e+06
-1.65629e+07, 3.98112e+06
-1.65434e+07, 4.0816e+06
-1.65225e+07, 4.18189e+06
-1.65004e+07, 4.28195e+06
-1.6477e+07, 4.38177e+06
-1.64523e+07, 4.48132e+06
-1.64263e+07, 4.58057e+06
-1.6399e+07, 4.67949e+06
-1.63705e+07, 4.77806e+06
-1.63407e+07, 4.87625e+06
-1.63097e+07, 4.97404e+06
-1.62774e+07, 5.07141e+06
-1.62439e+07, 5.16832e+06
-1.62091e+07, 5.26475e+06
-1.61732e+07, 5.36069e+06
-1.6136e+07, 5.45609e+06
-1.60977e+07, 5.55095e+06
-1.60582e+07, 5.64524e+06
-1.60175e+07, 5.73893e+06
-1.59757e+07, 5.83199e+06
-1.59327e+07, 5.92442e+06
-1.58886e+07, 6.01618e+06
-1.58434e+07, 6.10725e+06
-1.57971e+07, 6.19761e+06
-1.57497e+07, 6.28724e+06
-1.57012e+07, 6.37611e+06
-1.56518e+07, 6.46422e+06
-1.56012e+07, 6.55152e+06
-1.55497e+07, 6.63802e+06
-1.54972e+07, 6.72368e+06
-1.54437e+07, 6.80849e+06
-1.53892e+07, 6.89242e+06
-1.53338e+07, 6.97547e+06
-1.52775e+07, 7.0576e+06
-1.52203e+07, 7.13882e+06
-1.51623e+07, 7.21909e+06
-1.51033e+07, 7.29839e+06
-1.50436e+07, 7.37673e+06
-1.4983e+07, 7.45407e+06
-1.49217e+07, 7.53041e+06
-1.48596e+07, 7.60573e+06
-1.47967e+07, 7.68001e+06
-1.47331e+07, 7.75325e+06
-1.46689e+07, 7.82543e+06
-1.46039e+07, 7.89653e+06
-1.45384e+07, 7.96655e+06
-1.44722e+07, 8.03547e+06
-1.44054e+07, 8.10329e+06
-1.4338e+07, 8.17e+06
-1.42701e+07, 8.23557e+06
-1.42017e+07, 8.30002e+06
-1.41328e+07, 8.36332e+06
-1.40635e+07, 8.42547e+06
-1.39937e+07, 8.48647e+06
-1.39234e+07, 8.54631e+06
-1.38528e+07, 8.60498e+06
-1.37819e+07, 8.66247e+06
-1.37106e+07, 8.71879e+06
-1.3639e+07, 8.77393e+06
-1.35671e+07, 8.82789e+06
-1.3495e+07, 8.88067e+06
-1.34227e+07, 8.93225e+06
-1.33502e+07, 8.98265e+06
-1.32775e+07, 9.03187e+06
-1.32047e+07, 9.0799e+06
-1.31317e+07, 9.12674e+06
-1.30587e+07, 9.1724e+06
-1.29856e+07, 9.21688e+06
-1.29125e+07, 9.26018e+06
-1.28394e+07, 9.30231e+06
-1.27664e+07, 9.34327e+06
-1.26934e+07, 9.38307e+06
-1.26204e+07, 9.42171e+06
-1.25476e+07, 9.45921e+06
-1.24749e+07, 9.49556e+06
-1.24024e+07, 9.53077e+06
-1.233e+07, 9.56486e+06
-1.22579e+07, 9.59784e+06
-1.2186e+07, 9.62971e+06
-1.21144e+07, 9.66048e+06
-1.2043e+07, 9.69017e+06
-1.1972e+07, 9.71878e+06
-1.19013e+07, 9.74634e+06
-1.18309e+07, 9.77285e+06
-1.1761e+07, 9.79833e+06
-1.16915e+07, 9.82279e+06
-1.16223e+07, 9.84625e+06
-1.15537e+07, 9.86871e+06
-1.14855e+07, 9.89021e+06
-1.14178e+07, 9.91075e+06
-1.13507e+07, 9.93035e+06
-1.1284e+07, 9.94902e+06
-1.1218e+07, 9.9668e+06
-1.11525e+07, 9.98369e+06
-1.10876e+07, 9.99971e+06
-1.10233e+07, 1.00149e+07
-1.09597e+07, 1.00292e+07
-1.08967e+07, 1.00428e+07
-1.08343e+07, 1.00555e+07
-1.07727e+07, 1.00675e+07
-1.07118e+07, 1.00788e+07
-1.06516e+07, 1.00893e+07
-1.05921e+07, 1.00991e+07
-1.05333e+07, 1.01082e+07
-1.04753e+07, 1.01167e+07
-1.04181e+07, 1.01246e+07
-1.03617e+07, 1.01318e+07
-1.03061e+07, 1.01385e+07
-1.02512e+07, 1.01446e+07
-1.01972e+07, 1.01501e+07
-1.01441e+07, 1.01551e+07
-1.00917e+07, 1.01597e+07
-1.00402e+07, 1.01638e+07
-9.98957e+06, 1.01674e+07
-9.93978e+06, 1.01706e+07
-9.89087e+06, 1.01734e+07
-9.84283e+06, 1.01758e+07
-9.79566e+06, 1.01779e+07
-9.74938e+06, 1.01797e+07
-9.704e+06, 1.01812e+07
-9.6595e+06, 1.01824e+07
-9.6159e+06, 1.01834e+07
-9.57319e+06, 1.01841e+07
-9.53139e+06, 1.01847e+07
-9.49049e+06, 1.01851e+07
-9.45049e+06, 1.01853e+07
-9.41139e+06, 1.01854e+07
-9.3732e+06, 1.01854e+07
-9.3359e+06, 1.01854e+07
-9.2995e+06, 1.01853e+07
-9.264e+06, 1.01851e+07
-9.22939e+06, 1.0185e+07
-9.19567e+06, 1.01849e+07
-9.16284e+06, 1.01849e+07
-9.13089e+06, 1.01849e+07
-9.09981e+06, 1.0185e+07
-9.0696e+06, 1.01853e+07
-9.04026e+06, 1.01857e+07
-9.01178e+06, 1.01862e+07
-8.98414e+06, 1.0187e+07
-8.95735e+06, 1.0188e+07
-8.93139e+06, 1.01892e+07
-8.90626e+06, 1.01906e+07
-8.88194e+06, 1.01924e+07
-8.85842e+06, 1.01944e+07
-8.8357e+06, 1.01968e+07
-8.81377e+06, 1.01995e+07
-8.7926e+06, 1.02026e+07
-8.7722e+06, 1.0206e+07
-8.75254e+06, 1.02099e+07
-8.73362e+06, 1.02142e+07
-8.71543e+06, 1.02189e+07
-8.69794e+06, 1.02242e+07
-8.68114e+06, 1.02299e+07
-8.66502e+06, 1.02361e+07
-8.64957e+06, 1.02428e+07
-8.63477e+06, 1.025e+07
-8.6206e+06, 1.02579e+07
-8.60704e+06, 1.02663e+07
-8.59409e+06, 1.02753e+07
-8.58172e+06, 1.02849e+07
-8.56991e+06, 1.02951e+07
-8.55865e+06, 1.03059e+07
-8.54792e+06, 1.03175e+07
-8.5377e+06, 1.03296e+07
-8.52797e+06, 1.03425e+07
-8.51872e+06, 1.03561e+07
-8.50992e+06, 1.03704e+07
-8.50155e+06, 1.03854e+07
-8.49359e+06, 1.04011e+07
-8.48603e+06, 1.04176e+07
-8.47884e+06, 1.04349e+07
-8.472e+06, 1.04529e+07
-8.46548e+06, 1.04717e+07
-8.45928e+06, 1.04913e+07
-8.45336e+06, 1.05117e+07
-8.4477e+06, 1.05329e+07
-8.44229e+06, 1.05549e+07
-8.43709e+06, 1.05777e+07
-8.43209e+06, 1.06014e+07
-8.42727e+06, 1.0626e+07
-8.42259e+06, 1.06513e+07
-8.41804e+06, 1.06775e+07
-8.41359e+06, 1.07046e+07
-8.40922e+06, 1.07326e+07
-8.4049e+06, 1.07614e+07
-8.40062e+06, 1.07911e+07
-8.39634e+06, 1.08216e+07
-8.39205e+06, 1.08531e+07
-8.38771e+06, 1.08854e+07
-8.38331e+06, 1.09186e+07
-8.37882e+06, 1.09527e+07
-8.37422e+06, 1.09876e+07
-8.36948e+06, 1.10235e+07
-8.36457e+06, 1.10602e+07
-8.35947e+06, 1.10978e+07
-8.35416e+06, 1.11362e+07
-8.34862e+06, 1.11756e+07
-8.34281e+06, 1.12158e+07
-8.33671e+06, 1.12568e+07
-8.33031e+06, 1.12988e+07
-8.32357e+06, 1.13416e+07
-8.31647e+06, 1.13852e+07
-8.30899e+06, 1.14297e+07
-8.3011e+06, 1.1475e+07
-8.29278e+06, 1.15211e+07
-8.284e+06, 1.15681e+07
-8.27475e+06, 1.16159e+07
-8.26499e+06, 1.16644e+07
-8.25471e+06, 1.17138e+07
-8.24388e+06, 1.1764e+07
-8.23248e+06, 1.18149e+07
-8.22049e+06, 1.18666e+07
-8.20788e+06, 1.1919e+07
-8.19463e+06, 1.19721e+07
-8.18072e+06, 1.2026e+07
-8.16613e+06, 1.20806e+07
-8.15084e+06, 1.21359e+07
-8.13483e+06, 1.21918e+07
-8.11807e+06, 1.22484e+07
-8.10056e+06, 1.23057e+07
-8.08225e+06, 1.23636e+07
-8.06315e+06, 1.2422e+07
-8.04322e+06, 1.24811e+07
-8.02246e+06, 1.25408e+07
-8.00084e+06, 1.2601e+07
-7.97834e+06, 1.26618e+07
-7.95495e+06, 1.2723e+07
-7.93065e+06, 1.27848e+07
-7.90543e+06, 1.28471e+07
-7.87926e+06, 1.29098e+07
-7.85214e+06, 1.29729e+07
-7.82405e+06, 1.30365e+07
-7.79497e+06, 1.31005e+07
-7.76489e+06, 1.31648e+07
-7.73381e+06, 1.32295e+07
-7.70169e+06, 1.32945e+07
-7.66854e+06, 1.33598e+07
-7.63435e+06, 1.34254e+07
-7.59909e+06, 1.34912e+07
-7.56277e+06, 1.35573e+07
-7.52536e+06, 1.36236e+07
-7.48687e+06, 1.36901e+07
-7.44728e+06, 1.37567e+07
-7.40659e+06, 1.38235e+07
-7.36478e+06, 1.38903e+07
-7.32186e+06, 1.39573e+07
-7.27781e+06, 1.40243e+07
-7.23263e+06, 1.40914e+07
-7.18631e+06, 1.41584e+07
-7.13886e+06, 1.42255e+07
-7.09026e+06, 1.42925e+07
-7.04052e+06, 1.43594e+07
-6.98962e+06, 1.44263e+07
-6.93758e+06, 1.4493e+07
-6.88438e+06, 1.45596e+07
-6.83003e+06, 1.4626e+07
-6.77453e+06, 1.46922e+07
-6.71787e+06, 1.47582e+07
-6.66006e+06, 1.48239e+07
-6.60111e+06, 1.48894e+07
-6.54101e+06, 1.49545e+07
-6.47976e+06, 1.50194e+07
-6.41737e+06, 1.50838e+07
-6.35385e+06, 1.51479e+07
-6.28919e+06, 1.52117e+07
-6.22341e+06, 1.52749e+07
-6.1565e+06, 1.53378e+07
-6.08849e+06, 1.54001e+07
-6.01936e+06, 1.5462e+07
-5.94913e+06, 1.55233e+07
-5.87782e+06, 1.55841e+07
-5.80542e+06, 1.56443e+07
-5.73194e+06, 1.57039e+07
-5.6574e+06, 1.57629e+07
-5.58181e+06, 1.58213e+07
-5.50517e+06, 1.5879e+07
-5.4275e+06, 1.5936e+07
-5.34881e+06, 1.59922e+07
-5.26911e+06, 1.60478e+07
-5.18841e+06, 1.61026e+07
-5.10673e+06, 1.61566e+07
-5.02408e+06, 1.62099e+07
-4.94048e+06, 1.62623e+07
-4.85593e+06, 1.63138e+07
-4.77045e+06, 1.63646e+07
-4.68407e+06, 1.64144e+07
-4.59679e+06, 1.64633e+07
-4.50862e+06, 1.65114e+07
-4.4196e+06, 1.65584e+07
-4.32973e+06, 1.66046e+07
-4.23903e+06, 1.66498e+07
-4.14751e+06, 1.66939e+07
-4.05521e+06, 1.67371e+07
-3.96212e+06, 1.67793e+07
-3.86828e+06, 1.68204e+07
-3.77371e+06, 1.68604e+07
-3.67841e+06, 1.68994e+07
-3.58242e+06, 1.69373e+07
-3.48574e+06, 1.69741e+07
-3.38841e+06, 1.70098e+07
-3.29043e+06, 1.70444e+07
-3.19184e+06, 1.70778e+07
-3.09266e+06, 1.71101e+07
-2.99289e+06, 1.71412e+07
-2.89258e+06, 1.71711e+07
-2.79173e+06, 1.71999e+07
-2.69037e+06, 1.72274e+07
-2.58852e+06, 1.72537e+07
-2.48621e+06, 1.72789e+07
-2.38345e+06, 1.73027e+07
-2.28028e+06, 1.73254e+07
-2.1767e+06, 1.73468e+07
-2.07276e+06, 1.73669e+07
-1.96846e+06, 1.73858e+07
-1.86383e+06, 1.74034e+07
-1.7589e+06, 1.74198e+07
-1.65369e+06, 1.74349e+07
-1.54823e+06, 1.74486e+07
-1.44253e+06, 1.74611e+07
-1.33663e+06, 1.74723e+07
-1.23054e+06, 1.74822e+07
-1.12429e+06, 1.74908e+07
-1.01791e+06, 1.7498e+07
-911413, 1.7504e+07
-804833, 1.75087e+07
-698192, 1.7512e+07
-591515, 1.75141e+07
-484825, 1.75148e+07
